key,francais,english,pular,sousou
common.continue,Continuer,Continue,,
common.back,Retour,Back,,
common.cancel,Annuler,Cancel,,
common.save,Enregistrer,Save,,
common.delete,Supprimer,Delete,,
common.edit,Modifier,Edit,,
common.confirm,Confirmer,Confirm,,
common.retry,Réessayer,Retry,,
common.search,Rechercher,Search,,
common.searchPlaceholder,"Cherche un produit, un logement…","Search products, properties…",,
common.seeAll,Tout voir,See all,,
common.later,Plus tard,Later,,
common.comingSoon,Bientôt,Soon,,
common.comingSoonAvailable,Bientôt disponible.,Coming soon.,,
common.comingSoonBadge,BIENTÔT DISPONIBLE,COMING SOON,,
common.share,Partager,Share,,
common.close,Fermer,Close,,
common.send,Envoyer,Send,,
common.done,Terminé,Done,,
common.loading,Chargement…,Loading…,,
common.yes,Oui,Yes,,
common.no,Non,No,,
common.ok,OK,OK,,
a11y.back,Retour,Back,,
a11y.share,Partager,Share,,
a11y.close,Fermer,Close,,
a11y.searchVisual,Recherche visuelle,Visual search,,
a11y.otpCode,Code à 6 chiffres,6-digit code,,
tabs.home,Accueil,Home,,
tabs.marche,Marché,Market,,
tabs.decouvrir,Découvrir,Discover,,
tabs.boutique,Boutique,Shop,,
tabs.profil,Profil,Profile,,
tabs.messagerie,Messages,Messages,Messagerie,Messagerie
decouvrir.errorTitle,Impossible de charger le feed,Couldn't load the feed,,
decouvrir.errorSub,Vérifie ta connexion et réessaie.,Check your connection and try again.,,
decouvrir.emptyTitle,Rien à découvrir pour l'instant,Nothing to discover yet,,
decouvrir.emptySub,Reviens dans quelques minutes — le feed est mis à jour en continu.,Come back in a few minutes — the feed updates continuously.,,
boutique.modeShop,Boutique,Shop,,
boutique.modeEstate,Immobilier,Real estate,,
boutique.newListingProduct,Nouvelle annonce,New listing,,
boutique.newListingProperty,Nouveau bien,New property,,
boutique.roleGateLabel,ton tableau de bord,your dashboard,,
marche.titleMarche,Marché,Market,,
marche.titleConcurrence,Concurrence,Competition,,
marche.subtitleSeller,Scout les autres boutiques de ta catégorie.,Scout the other shops in your category.,,
marche.subtitleAgent,Surveille les autres biens à Conakry.,Watch the other listings in Conakry.,,
marche.subtitleArticles,Découvre des milliers d'articles.,Discover thousands of items.,,
marche.subtitleProperties,Trouve ton prochain logement.,Find your next home.,,
marche.scoutMode,Mode scout,Scout mode,,
marche.scoutSubSeller,Compare tes prix et idées avec les autres vendeurs.,Compare your prices and ideas with other sellers.,,
marche.scoutSubAgent,Compare tes biens avec ceux du marché.,Compare your listings with the rest of the market.,,
marche.tabArticles,Articles,Items,,
marche.tabImmobilier,Immobilier,Real estate,,
marche.searchA11y,Recherche,Search,,
marche.filtersA11y,Filtres,Filters,,
marche.catTout,Tout,All,,
marche.catMode,Mode,Fashion,,
marche.catElectronique,Électronique,Electronics,,
marche.catMaison,Maison,Home,,
marche.catBeaute,Beauté,Beauty,,
marche.catAuto,Auto,Auto,,
marche.propLocation,Location,Rent,,
marche.propVente,Vente,Sale,,
marche.propTerrain,Terrains,Land,,
marche.resultsLabel,résultats,results,,
marche.sortPopular,Populaires,Popular,,
marche.sortRecent,Récents,Recent,,
marche.noResultsFor,Aucun résultat pour « {{q}} »,No result for « {{q}} »,,
marche.noResults,Aucun résultat,No result,,
marche.clearFilters,Effacer les filtres,Clear filters,,
marche.emptyListings,Aucune annonce pour le moment. Reviens bientôt.,No listings yet. Check back soon.,,
marche.filterSheetTitle,Filtres,Filters,,
marche.filterType,Type,Type,,
marche.filterMaxPrice,Prix max par mois,Max price per month,,
marche.filterCity,Ville,City,,
marche.filterRooms,Pièces,Rooms,,
marche.filterRoomStudio,Studio,Studio,,
marche.filterDistanceRoad,Distance max au goudron,Max distance to road,,
marche.filterFurnished,Meublé,Furnished,,
marche.filterFurnishedOnly,Uniquement meublé,Furnished only,,
marche.clear,Effacer,Clear,,
marche.see_one,Voir {{count}} article,See {{count}} item,,
marche.see_other,Voir {{count}} articles,See {{count}} items,,
marche.seeProp_one,Voir {{count}} bien,See {{count}} property,,
marche.seeProp_other,Voir {{count}} biens,See {{count}} properties,,
home.greeting,"Bonjour,","Hi,",,
home.fallbackName,Toi,You,,
home.notifications,Notifications,Notifications,,
home.cart_one,Panier ({{count}} article),Cart ({{count}} item),,
home.cart_other,Panier ({{count}} articles),Cart ({{count}} items),,
home.shopsSection,Boutiques de confiance,Trusted shops,,
home.popularSection,Articles populaires,Popular items,,
home.nearbyPropertiesSection,Biens à proximité,Properties nearby,,
home.categoriesSection,Catégories,Categories,,
home.newListingProduct,Nouvelle annonce,New listing,,
home.newListingProperty,Nouveau bien,New property,,
wallet.title,Mon portefeuille,My wallet,Wallet,Wallet
wallet.tabMovements,Mouvements,Movements,,
wallet.tabWithdrawals,Retraits,Withdrawals,,
wallet.noWithdrawals,Aucun retrait pour le moment.,No withdrawals yet.,,
wallet.noMovements,Aucun mouvement pour le moment.,No movements yet.,,
wallet.withdrawal,Retrait,Withdrawal,,
wallet.withdrawalTo,Retrait vers {{destination}},Withdrawal to {{destination}},,
wallet.scanQr,Scanner un QR,Scan a QR code,,
wallet.movementStatus.received,Reçu,Received,,
wallet.movementStatus.escrow,En séquestre,In escrow,,
wallet.movementStatus.completed,Effectué,Completed,,
wallet.movementStatus.pending,En attente,Pending,,
wallet.withdrawalStatusLabel.pending,En attente,Pending,,
wallet.withdrawalStatusLabel.approved,En attente,Pending,,
wallet.withdrawalStatusLabel.paid,Payé,Paid,,
wallet.withdrawalStatusLabel.rejected,Refusé,Rejected,,
wallet.withdrawalStatusLabel.cancelled,Annulé,Cancelled,,
wallet.subtitle,Tes paiements et retraits.,Your payments and withdrawals.,,
wallet.balance,Solde disponible,Available balance,,
wallet.rechargeButton,Recharger,Top up,,
wallet.withdrawButton,Retirer,Withdraw,,
wallet.transactions,Transactions,Transactions,,
wallet.noTransactions,Aucune transaction pour le moment.,No transactions yet.,,
wallet.topupBientot,Recharge — bientôt,Top-up — soon,,
wallet.topupSub,La recharge du wallet arrive très bientôt.,Wallet top-ups are coming very soon.,,
wallet.withdrawTitle,Retirer,Withdraw,,
wallet.withdrawSub,Choisis un montant et confirme avec ton code.,Pick an amount and confirm with your code.,,
wallet.withdrawAmount,Montant,Amount,,
wallet.withdrawMethodLabel,Méthode,Method,,
wallet.withdrawConfirm,Confirmer le retrait,Confirm withdrawal,,
wallet.withdrawSuccess,Demande de retrait envoyée.,Withdrawal request sent.,,
wallet.withdrawError,Impossible d'envoyer la demande.,Couldn't send the request.,,
wallet.rechargeTitle,Recharger,Top up,,
wallet.rechargeSub,Ajoute des fonds à ton wallet.,Add funds to your wallet.,,
wallet.rechargeAmount,Montant,Amount,,
wallet.rechargeConfirm,Continuer le paiement,Continue to payment,,
wallet.withdrawalStatus.pending,En attente,Pending,,
wallet.withdrawalStatus.queued,En file,Queued,,
wallet.withdrawalStatus.processing,En cours,Processing,,
wallet.withdrawalStatus.paid,Versée,Paid,,
wallet.withdrawalStatus.failed,Échec,Failed,,
wallet.withdrawalStatus.cancelled,Annulée,Cancelled,,
wallet.topupStatus.pending,En attente,Pending,,
wallet.topupStatus.succeeded,Réussie,Succeeded,,
wallet.topupStatus.failed,Échec,Failed,,
wallet.topupStatus.expired,Expirée,Expired,,
notifications.title,Notifications,Notifications,,
notifications.subtitle,"Tes alertes (commandes, messages, visites) apparaîtront ici.","Your alerts (orders, messages, visits) will appear here.",,
notifications.emptyTitle,Pas de notifications,No notifications,Pas d'alertes pour l'instant,Pas d'alertes pour l'instant
notifications.emptyInFilterTitle,Rien dans ce filtre,Nothing in this filter,,
notifications.emptySub,"Tes alertes (commandes, messages, visites) apparaîtront ici.","Your alerts (orders, messages, visits) will appear here.",,
notifications.emptyInFilterSub,Bascule sur Toutes pour voir tes autres notifications.,Switch to All to see your other notifications.,,
notifications.today,AUJOURD'HUI,TODAY,Aujourd'hui,Aujourd'hui
notifications.thisWeek,CETTE SEMAINE,THIS WEEK,,
notifications.loadMore,Charger plus,Load more,,
notifications.filterAll,Toutes,All,,
notifications.filterOrder,Commandes,Orders,,
notifications.filterMessage,Messages,Messages,,
notifications.filterVisit,Visites,Visits,,
notifications.filterPromo,Promos,Promos,,
notifications.markAllRead,Tout marquer comme lu,Mark all read,,
messages.title,Messages,Messages,Messagerie,Messagerie
messages.searchPlaceholder,Cherche un nom ou un message…,Search a name or a message…,,
messages.clearSearch,Effacer,Clear,,
messages.filterAll,Toutes,All,,
messages.filterListings,Annonces,Listings,,
messages.filterRealEstate,Immobilier,Real estate,,
messages.noResult,Aucun résultat,No result,,
messages.noResultSub,Essaie un autre mot-clé.,Try a different keyword.,,
messages.noConversation,Aucune conversation,No conversation,,
messages.noConversationSub,Contacte un vendeur depuis une annonce pour démarrer une discussion.,Contact a seller from a listing to start a chat.,,
messages.noConversationInFilter,Aucune conversation dans ce filtre,No conversation in this filter,,
messages.noConversationInFilterSub,Bascule sur Toutes pour voir tes autres discussions.,Switch to All to see your other chats.,,
messages.fallbackUser,Utilisateur,User,,
messages.emptyTitle,Pas encore de conversation,No conversations yet,,
messages.emptySub,"Quand tu contactes un vendeur ou un agent, vos échanges apparaîtront ici.","When you contact a seller or an agent, your messages will appear here.",,
messages.newMessage,Nouveau message,New message,,
messages.sendPlaceholder,Écris un message…,Write a message…,,
messages.sendError,Message non envoyé — réessaie.,Message not sent — try again.,,
messages.openConvError,Impossible d'ouvrir la conversation.,Couldn't open the conversation.,,
dispute.topbar,Signaler un problème,Report a problem,,
dispute.orderRef,Commande #{{ref}},Order #{{ref}},,
dispute.title,Que s'est-il passé ?,What happened?,Ouvrir un litige,Ouvrir un litige
dispute.descLabel,Décris ce qui s'est passé,Describe what happened,,
dispute.descPlaceholder,Donne le maximum de détails…,Give as much detail as you can…,,
dispute.photosOptional,Photos (optionnel),Photos (optional),,
dispute.submit,Envoyer le signalement,Send the report,Envoyer le litige,Envoyer le litige
dispute.signaled,Litige signalé,Dispute opened,,
dispute.subtitle,Décris ce qui s'est passé. Notre équipe répond sous 48 h.,Tell us what happened. Our team replies within 48 hours.,,
dispute.reasonHeading,Raison,Reason,,
dispute.reason.notReceived,Je n'ai pas reçu mon article,I didn't receive my item,,
dispute.reason.wrong,L'article est différent de l'annonce,The item is different from the listing,,
dispute.reason.damaged,L'article est endommagé,The item is damaged,,
dispute.reason.other,Autre,Other,,
dispute.detailsLabel,Détails,Details,,
dispute.detailsPlaceholder,Décris la situation en quelques mots…,Briefly describe the situation…,,
dispute.submitting,Envoi…,Submitting…,,
dispute.submitError,Impossible d'ouvrir le litige.,Couldn't open the dispute.,,
kyc.introTitle,Vérification d'identité,ID verification,,
kyc.introSub,Quelques minutes pour confirmer que c'est bien toi.,A few minutes to confirm it's really you.,,
kyc.introCta,Commencer,Get started,,
kyc.step1,Pièce d'identité,ID document,,
kyc.step2,Selfie de contrôle,Selfie check,,
kyc.step3,Vérification automatique,Automatic verification,,
kyc.assurance1,Données chiffrées et privées.,Encrypted and private data.,,
kyc.assurance2,Sois prêt·e en moins de 5 minutes.,Ready in under 5 minutes.,,
kyc.assurance3,Sans frais.,Free of charge.,,
kyc.pendingTitle,Vérification en cours,Verification in progress,,
kyc.pendingSub,Tu reçois une notification dès qu'on a fini de vérifier.,We'll send you a notification once we're done.,,
kyc.pendingSubmitted,Envoyé :,Submitted:,,
kyc.pendingPiece,Pièce d'identité,ID document,,
kyc.pendingSelfie,Selfie de contrôle,Selfie check,,
kyc.errorTitle,La vérification n'a pas abouti.,Verification failed.,,
kyc.errorSub,"Assure-toi que ta pièce est lisible, bien éclairée, et réessaie.","Make sure your ID is readable and well-lit, then try again.",,
kyc.errorRetry,Réessayer,Try again,,
kyc.comingSoonError,La vérification arrive très bientôt. Réessaie dans quelques jours.,Verification is coming very soon. Try again in a few days.,,
create.selectKindTitle,Que veux-tu publier ?,What do you want to publish?,,
create.kindProductTitle,Un article,An item,,
create.kindProductDesc,"Mode, électronique, beauté…","Fashion, electronics, beauty…",,
create.kindPropertyTitle,Un bien immobilier,A property,,
create.kindPropertyDesc,"Appartement, maison, terrain","Apartment, house, land",,
create.stepBadge,Étape {{current}} / {{total}},Step {{current}} / {{total}},,
create.stepDetailsProduct,Détails de l'annonce,Listing details,,
create.stepDetailsProperty,Détails du bien,Property details,,
create.stepPhotos,Photos,Photos,,
create.stepCategory,Catégorie,Category,,
create.stepLocation,Lieu,Location,,
create.stepAmenities,Équipements,Amenities,,
create.stepPreview,Aperçu,Preview,,
create.stepShop,Boutique,Shop,,
create.continueCta,Continuer,Continue,,
create.publishCta,Publier,Publish,,
create.publishingCta,Publication…,Publishing…,,
create.saveDraftCta,Enregistrer le brouillon,Save draft,,
create.amenityWifi,Wi-Fi,Wi-Fi,,
create.amenityParking,Parking,Parking,,
create.amenityClim,Climatisation,Air conditioning,,
create.amenityWater,Eau,Water,,
create.amenityElectricity,Électricité,Electricity,,
create.amenityGenerator,Groupe électrogène,Generator,,
create.amenityPool,Piscine,Pool,,
create.amenityGarden,Jardin,Garden,,
create.amenitySecurity,Sécurité,Security,,
seller.ordersTitle,Mes ventes,My sales,,
seller.ordersSubtitle,Suis tes commandes et expédie tes colis.,Track your orders and ship your parcels.,,
seller.filterAll,Toutes,All,,
seller.filterToShip,À expédier,To ship,,
seller.filterShipped,En route,Shipped,,
seller.filterDelivered,Livrées,Delivered,,
seller.filterDisputed,Litiges,Disputed,,
seller.filterDone,Terminées,Done,,
seller.refundsTitle,Remboursements,Refunds,,
seller.refundsNote,Les litiges sont traités directement par l'équipe Linky. Tu seras notifié·e sur la commande concernée.,Disputes are handled by the Linky team. You'll be notified on the relevant order.,,
seller.refundsDetailNote,Les litiges sont traités par l'équipe Linky. Retrouve le détail de la résolution sur la commande concernée.,Disputes are handled by the Linky team. The resolution shows on the relevant order.,,
seller.payoutsTitle,Retraits,Withdrawals,,
seller.payoutsSubtitle,Demandes envoyées à notre équipe Trésorerie.,Requests sent to our treasury team.,,
seller.shipTitle,Marquer comme expédié,Mark as shipped,,
seller.shipCarrierLabel,Transporteur,Carrier,,
seller.shipTrackingLabel,Numéro de suivi,Tracking number,,
seller.shipSubmit,Confirmer l'expédition,Confirm shipping,,
seller.status.placed,PASSÉE,PLACED,,
seller.status.paid,PAYÉE,PAID,,
seller.status.preparing,EN ROUTE,ON THE WAY,,
seller.status.delivered,LIVRÉE,DELIVERED,,
seller.status.released,PAYÉE,PAID,,
seller.status.disputed,LITIGE,DISPUTE,,
seller.status.cancelled,ANNULÉE,CANCELLED,,
seller.status.refunded,REMBOURSÉE,REFUNDED,,
seller.withdrawalStatus.pending,En attente,Pending,,
seller.withdrawalStatus.queued,En file,Queued,,
seller.withdrawalStatus.processing,En cours,Processing,,
seller.withdrawalStatus.paid,Versée,Paid,,
seller.withdrawalStatus.failed,Échec,Failed,,
seller.withdrawalStatus.cancelled,Annulée,Cancelled,,
pro.visitsTitle,Visites,Visits,,
pro.visitsSubtitle,Tes prochaines visites de biens.,Your upcoming property visits.,,
pro.visitsEmpty,Aucune visite planifiée.,No visits scheduled.,,
pro.demandesTitle,Demandes,Requests,,
pro.demandesSubtitle,Demandes de visite envoyées par les acheteurs.,Visit requests from buyers.,,
pro.demandesEmpty,Aucune demande pour le moment.,No requests yet.,,
pro.filterAll,Toutes,All,,
pro.filterPending,En attente,Pending,,
pro.filterAccepted,Acceptées,Accepted,,
pro.filterDeclined,Refusées,Declined,,
pro.status.pending,EN ATTENTE,PENDING,,
pro.status.accepted,ACCEPTÉE,ACCEPTED,,
pro.status.declined,REFUSÉE,DECLINED,,
pro.status.cancelled,ANNULÉE,CANCELLED,,
pro.status.completed,TERMINÉE,COMPLETED,,
pro.accept,Accepter,Accept,,
pro.decline,Refuser,Decline,,
pro.boostComingTitle,Boost,Boost,,
pro.boostComingBlurb,Très bientôt — paiement à la performance pour mettre tes annonces en avant.,Coming soon — pay per performance to feature your listings.,,
buyer.requestsTitle,Mes demandes de visite,My visit requests,,
buyer.requestsSubtitle,Suis tes demandes et leurs réponses.,Track your requests and their replies.,,
buyer.requestsEmpty,"Quand tu enverras une demande de visite sur un bien, elle s'affichera ici.","When you send a visit request on a property, it will show up here.",,
buyer.group.pending,En attente,Pending,,
buyer.group.accepted,Acceptées,Accepted,,
buyer.group.rejected,Refusées,Rejected,,
buyer.group.cancelled,Annulées,Cancelled,,
buyer.group.completed,Terminées,Completed,,
buyer.status.pending,EN ATTENTE,PENDING,,
buyer.status.accepted,ACCEPTÉE,ACCEPTED,,
buyer.status.rejected,REFUSÉE,REJECTED,,
buyer.status.cancelled,ANNULÉE,CANCELLED,,
buyer.status.completed,TERMINÉE,COMPLETED,,
buyer.cancelRequest,Annuler la demande,Cancel request,,
checkoutSub.title,Paiement,Payment,,
checkoutSub.summarySection,Résumé,Summary,,
checkoutSub.methodSection,Mode de paiement,Payment method,,
checkoutSub.card,Carte bancaire,Card,,
checkoutSub.cardHint,"Visa, Mastercard, AMEX","Visa, Mastercard, AMEX",,
checkoutSub.applePay,Apple Pay,Apple Pay,,
checkoutSub.applePayHint,Bientôt,Soon,,
checkoutSub.googlePay,Google Pay,Google Pay,,
checkoutSub.totalLabel,Total à payer,Total to pay,,
checkoutSub.payNow,Payer maintenant,Pay now,,
checkoutSub.paying,Paiement…,Processing…,,
checkoutSub.payError,Le paiement n'a pas pu aboutir.,The payment couldn't go through.,,
shop.tabArticles,Articles,Items,,
shop.tabReviews,Avis,Reviews,,
shop.tabAbout,À propos,About,,
shop.fallbackTitle,Boutique,Shop,,
shop.follower_one,Abonné,Follower,,
shop.follower_other,Abonnés,Followers,,
shop.article_one,Article,Item,,
shop.article_other,Articles,Items,,
shop.reviewsCount,{{count}} avis,{{count}} reviews,,
shop.newBadge,Nouveau,New,,
shop.noReviewsYet,Pas encore d'avis,No reviews yet,,
shop.follow,Suivre,Follow,,
shop.following,Abonné,Following,,
shop.message,Message,Message,,
shop.contactSeller,Contacter le vendeur,Contact the seller,,
shop.reviewsNone,Pas encore d'avis pour {{name}}. Sois le premier à laisser un retour après ton achat.,No reviews yet for {{name}}. Be the first to leave one after your purchase.,,
shop.reviewsBasedOn,Note basée sur les {{count}} avis vérifiés de clients ayant acheté chez {{name}}.,Based on {{count}} verified reviews from customers who bought at {{name}}.,,
shop.reviewsDetailsSoon,Les avis détaillés arrivent bientôt.,Detailed reviews coming soon.,,
shop.aboutHeading,À PROPOS,ABOUT,,
shop.aboutEmpty,Cette boutique n'a pas encore ajouté de description.,This shop hasn't added a description yet.,,
shop.infoVille,Ville,City,,
shop.infoResponseTime,Temps de réponse,Response time,,
shop.infoVerified,Vérifié,Verified,,
shop.infoVerifiedValue,Vendeur identifié par Linky,Identified by Linky,,
product.fallbackTitle,Annonce,Listing,,
product.descriptionHeading,Description,Description,,
product.specHeading,Caractéristiques,Specs,Détails,Détails
product.specCategorie,Catégorie,Category,,
product.specCondition,État,Condition,,
product.specPlace,Lieu,Location,,
product.specShipping,Remise,Pickup,,
product.specShippingValue,Sur place ou livraison,Pickup or delivery,,
product.conditionNeuf,Neuf,New,,
product.conditionOccasion,Occasion,Used,,
product.conditionReconditionne,Reconditionné,Refurbished,,
product.buyNow,Acheter,Buy,,
product.addToCart,Ajouter au panier,Add to cart,,
product.message,Message,Message,,
product.saveFav,Enregistrer,Save,,
product.savedFav,Enregistré,Saved,,
product.sellerSection,Vendeur,Seller,,
product.soldOut,Indisponible,Unavailable,,
product.reserved,Réservé,Reserved,,
product.related,Tu pourrais aimer,You might like,,
property.fallbackTitle,Bien immobilier,Property,,
property.descriptionHeading,Description,Description,,
property.specHeading,Détails,Specs,,
property.specBedrooms,Chambres,Bedrooms,,
property.specBathrooms,Salles de bain,Bathrooms,,
property.specSurface,Surface,Surface,,
property.specType,Type,Type,,
property.trustVisit,Visite avant signature.,Visit before you sign.,,
property.trustVisitBody,Tu ne paies aucun acompte tant que tu n'as pas visité le bien et confirmé.,You pay nothing until you've visited the property and confirmed.,,
property.bookVisit,Réserver une visite,Book a visit,,
property.contactAgent,Contacter l'agent,Contact the agent,,
property.agentSection,Agent,Agent,,
cart.title,Mon panier,My cart,,
cart.syncing,Synchronisation du panier…,Syncing your cart…,,
cart.emptyTitle,Ton panier est vide,Your cart is empty,,
cart.emptySub,Découvre des milliers d'articles et de boutiques de confiance,Discover thousands of items and trusted shops,,
cart.emptyCta,Aller au marché,Go to the market,,
cart.subtitle,{{itemsLabel}} · {{sellersLabel}},{{itemsLabel}} · {{sellersLabel}},,
cart.article_one,1 article,1 item,,
cart.article_other,{{count}} articles,{{count}} items,,
cart.seller_one,1 vendeur,1 seller,,
cart.seller_other,{{count}} vendeurs,{{count}} sellers,,
cart.subtotal,Sous-total,Subtotal,,
cart.feesLabel,Frais Linky,Linky fees,,
cart.total,Total,Total,,
cart.pay,Passer au paiement,Continue to payment,,
checkout.title,Paiement,Payment,,
checkout.successTitle,Paiement sécurisé,Payment secured,,
checkout.successSub,On sécurise ton paiement en escrow. Le vendeur prépare ton article.,Your payment is held in escrow. The seller is preparing your item.,,
checkout.trackOrder,Suivre ma commande,Track my order,,
checkout.openDispute,Tu peux ouvrir un litige depuis la commande tant que tu n'as pas confirmé la réception.,You can open a dispute from the order while you haven't confirmed delivery.,,
checkout.confirmAccessTitle,Cette commande n'existe pas ou tu n'y as pas accès.,This order doesn't exist or you don't have access.,,
checkout.confirmTakingLonger,C'est plus long que prévu. Pas d'inquiétude : la commande se mettra à jour automatiquement dès que la confirmation arrive.,This is taking longer than expected. No worries — the order will update automatically once the confirmation arrives.,,
checkout.confirmPaidJustNow,Le paiement vient d'aboutir — ta commande est confirmée.,Payment just succeeded — your order is confirmed.,,
checkout.rails.orangeMoney,Orange Money,Orange Money,,
checkout.rails.orangeMoneyHint,Disponible très bientôt,Available very soon,,
checkout.rails.mtnMoney,MTN Mobile Money,MTN Mobile Money,,
checkout.rails.mtnMoneyHint,Disponible très bientôt,Available very soon,,
checkout.rails.mobileMoneyNote,"Orange Money et MTN Mobile Money seront activés très bientôt. En attendant, le paiement par carte bancaire fonctionne déjà.",Orange Money and MTN Mobile Money are coming very soon. Card payments work today.,,
orders.title,Mes commandes,My orders,,
orders.subtitle,Suis tes achats et confirme la réception.,Track your purchases and confirm delivery.,,
orders.scanQr,Scanner un QR,Scan a QR code,,
orders.scan,Scanner,Scan,,
orders.empty,Aucune commande.,No orders yet.,,
orders.quantity_one,{{count}} article,{{count}} item,,
orders.quantity_other,{{count}} articles,{{count}} items,,
orders.filterAll,Toutes,All,,
orders.filterActive,En cours,Active,,
orders.filterCompleted,Terminées,Done,,
orders.status.placed,PASSÉE,PLACED,,
orders.status.paid,PAYÉE,PAID,,
orders.status.preparing,EN COURS,PREPARING,,
orders.status.delivered,LIVRÉE,DELIVERED,,
orders.status.released,TERMINÉE,RELEASED,,
orders.status.disputed,LITIGE,DISPUTE,,
orders.status.cancelled,ANNULÉE,CANCELLED,,
orders.status.refunded,REMBOURSÉE,REFUNDED,,
order.trackingTitle,Suivi de commande,Order tracking,,
order.qrInstruction,"Pour libérer le paiement vers le vendeur, scanne le QR code collé sur ton colis avec l'app. Cela garantit que tu as bien reçu ta commande — le code prouve la remise physique.","To release the payment to the seller, scan the QR code on your parcel with the app. This confirms you received the order — the code proves physical handover.",,
profil.title,Profil,Profile,,
profil.fallbackName,Toi,You,,
profil.editMyProfile,Modifier mon profil,Edit my profile,,
profil.qa.commandes,Commandes,Orders,,
profil.qa.demandes,Demandes,Requests,,
profil.qa.favoris,Favoris,Favorites,,
profil.qa.ventes,Ventes,Sales,,
profil.qa.retraits,Retraits,Withdrawals,,
profil.qa.visites,Visites,Visits,,
profil.qa.wallet,Wallet,Wallet,,
profil.qa.kyc,KYC,KYC,,
profil.boutiqueHero.shopTitle,Ma boutique,My shop,,
profil.boutiqueHero.shopSub,"Annonces, ventes, statistiques.","Listings, sales, stats.",,
profil.boutiqueHero.shopCta,Ouvrir la boutique,Open the shop,,
profil.boutiqueHero.agentTitle,Mes biens,My properties,,
profil.boutiqueHero.agentSub,"Annonces immobilières, visites, demandes.","Listings, visits, requests.",,
profil.boutiqueHero.agentCta,Ouvrir l'espace agent,Open the agent workspace,,
profil.section.reglages,Réglages,Settings,,
profil.section.about,À propos,About,,
profil.row.phones,Numéros de téléphone,Phone numbers,,
profil.row.addresses,Adresses,Addresses,,
profil.row.roles,Mes rôles,My roles,,
profil.row.roleCount_one,1 rôle,1 role,,
profil.row.roleCount_other,{{count}} rôles,{{count}} roles,,
profil.row.kyc,Vérification d'identité,ID verification,,
profil.row.kycVerified,VÉRIFIÉE,VERIFIED,,
profil.row.notifications,Notifications,Notifications,,
profil.row.langue,Langue,Language,,
profil.row.theme,Thème,Theme,,
profil.row.dataSaver,Mode économie de données,Data saver,,
profil.row.dataSaverSub,"Désactive l'autoplay, baisse la qualité","Disable autoplay, lower quality",,
profil.row.privacy,Confidentialité,Privacy,,
profil.row.aboutLinky,À propos de Linky,About Linky,,
profil.row.help,Aide & support,Help & support,,
profil.row.terms,Conditions générales,Terms,,
profil.row.privacyPolicy,Politique de confidentialité,Privacy policy,,
profil.logout,Déconnexion,Sign out,,
profil.theme.system,Système,System,,
profil.theme.light,Clair,Light,,
profil.theme.dark,Sombre,Dark,,
onboarding.welcome.start,Commencer,Get started,,
onboarding.welcome.haveAccount,J'ai déjà un compte,I already have an account,,
onboarding.welcome.slide1Title,Bienvenue,Welcome,,
onboarding.welcome.slide1Sub,"Achète, vends et loue
partout en Guinée.","Buy, sell and rent
all across Guinea.",,
onboarding.welcome.slide2Title,"Ta maison
t'attend","Your home
is waiting",,
onboarding.welcome.slide2Sub,"Loue ou achète ton prochain logement,
vérifié et sécurisé.","Rent or buy your next home,
verified and secure.",,
onboarding.welcome.slide3Title,"Paie en
sécurité",Pay safely,,
onboarding.welcome.slide3Sub,"Orange Money, MTN ou carte.
Le vendeur est payé après ta confirmation.","Orange Money, MTN or card.
The seller is paid after you confirm.",,
onboarding.authChoice.title,Tu es où ?,Where are you?,,
onboarding.authChoice.titleLogin,Te reconnecter,Sign back in,,
onboarding.authChoice.subtitle,On adapte le paiement selon ta région.,We adapt payment to your region.,,
onboarding.authChoice.subtitleLogin,Choisis comment tu t'es inscrit·e pour recevoir ton code.,Pick how you signed up to receive your code.,,
onboarding.authChoice.phoneTitle,Je suis en Guinée,I'm in Guinea,,
onboarding.authChoice.phoneSub,Téléphone & Mobile Money,Phone & Mobile Money,,
onboarding.authChoice.emailTitle,Je suis à l'étranger,I'm abroad,,
onboarding.authChoice.emailSub,Email & Carte bancaire,Email & Card,,
onboarding.authChoice.ctaLogin,Se connecter,Sign in,,
onboarding.phone.badge,SMS,SMS,,
onboarding.phone.title,Ton numéro.,Your number.,,
onboarding.phone.subtitle,On t'envoie un code à 6 chiffres pour confirmer.,We'll send you a 6-digit code to confirm.,,
onboarding.phone.label,NUMÉRO DE TÉLÉPHONE,PHONE NUMBER,,
onboarding.phone.placeholder,6XX XX XX XX,6XX XX XX XX,,
onboarding.phone.legal,"En continuant, tu acceptes nos <0>conditions</0> et notre <1>politique de confidentialité</1>.","By continuing, you accept our <0>terms</0> and our <1>privacy policy</1>.",,
onboarding.phone.cta,Recevoir le code,Send the code,,
onboarding.phone.ctaBusy,Envoi…,Sending…,,
onboarding.phone.errorSend,Échec de l'envoi du code,Couldn't send the code,,
onboarding.email.badge,EMAIL,EMAIL,,
onboarding.email.title,Ton email.,Your email.,,
onboarding.email.subtitle,On t'envoie un code à 6 chiffres pour confirmer.,We'll send you a 6-digit code to confirm.,,
onboarding.email.label,ADRESSE EMAIL,EMAIL ADDRESS,,
onboarding.email.placeholder,toi@exemple.com,you@example.com,,
onboarding.email.errorSend,Échec de l'envoi du code,Couldn't send the code,,
onboarding.otp.badge,VÉRIFICATION,VERIFICATION,,
onboarding.otp.title,Entre le code.,Enter the code.,,
onboarding.otp.sentToEmail,Envoyé à,Sent to,,
onboarding.otp.sentToPhone,Envoyé au,Sent to,,
onboarding.otp.resendIn,Renvoyer dans,Resend in,,
onboarding.otp.resendCta,Renvoyer le code,Resend the code,,
onboarding.otp.resendBusy,Envoi…,Sending…,,
onboarding.otp.resendError,Renvoi impossible,Couldn't resend,,
onboarding.otp.verify,Vérifier,Verify,,
onboarding.otp.verifying,Vérification…,Verifying…,,
onboarding.otp.errorSessionMissing,Session OTP introuvable — recommence,OTP session missing — start over,,
onboarding.otp.errorInvalid,Code invalide,Invalid code,,
onboarding.profile.stepBadge,ÉTAPE {{current}} / {{total}} · {{label}},STEP {{current}} / {{total}} · {{label}},,
onboarding.profile.labelIdentite,IDENTITÉ,IDENTITY,,
onboarding.profile.labelVille,VILLE,CITY,,
onboarding.profile.labelRole,RÔLE,ROLE,,
onboarding.profile.titleIdentite,Dis-nous qui tu es.,Tell us who you are.,,
onboarding.profile.titleVille,Tu es où en Guinée ?,Where are you in Guinea?,,
onboarding.profile.titleRole,Tu veux faire quoi ?,What do you want to do?,,
onboarding.profile.rolesHelp,Coche tout ce qui s'applique — tu peux changer plus tard.,Check everything that applies — you can change this later.,,
onboarding.profile.roleBuyTitle,Acheteur,Buyer,,
onboarding.profile.roleBuyDesc,Acheter ou louer,Buy or rent,,
onboarding.profile.roleSellTitle,Vendeur,Seller,,
onboarding.profile.roleSellDesc,Vendre tes produits,Sell your products,,
onboarding.profile.roleAgentTitle,Agent immo,Real-estate agent,,
onboarding.profile.roleAgentDesc,Lister des biens,List properties,,
onboarding.profile.finish,Terminer,Finish,,
onboarding.profile.nameLabel,NOM COMPLET,FULL NAME,,
onboarding.profile.namePlaceholder,Ton prénom et nom,Your first and last name,,
onboarding.profile.optional,optionnel,optional,,
onboarding.profile.savedLocal,Profil sauvegardé sur cet appareil — vérifie ta connexion.,Profile saved on this device — check your connection.,,
onboarding.done.greeting,"Bienvenue, {{name}} !","Welcome, {{name}}!",,
onboarding.done.subtitle,Ton compte est prêt. Découvre des milliers d'articles et de logements.,Your account is ready. Discover thousands of items and homes.,,
onboarding.done.discover,Découvrir Linky,Explore Linky,,
onboarding.done.kyc,Vérifier mon identité maintenant,Verify my ID now,,
onboarding.done.fallbackName,toi,friend,,
auth.phoneTitle,Ton numéro,Your phone number,,
auth.phoneHelp,Tu recevras un code à 6 chiffres par SMS.,You'll receive a 6-digit code by SMS.,,
auth.otpTitle,Vérification,Verification,,
auth.verify,Vérifier,Verify,,
auth.resendIn,Renvoyer dans,Resend in,,
currency.gnf,GNF,GNF,,
currency.eur,€,€,,
states.empty,Rien à afficher,Nothing to show,,
states.offline,Hors ligne — tes données seront synchronisées,Offline — your data will sync later,,
states.error,Une erreur est survenue,Something went wrong,,
states.errorGeneric,Une erreur est survenue.,Something went wrong.,,
states.tryAgain,Réessayer,Try again,,
states.errorTitle,Une erreur est survenue,Something went wrong,,
states.errorDescription,On n'a pas pu charger ces informations. Réessaie ou contacte le support si le problème persiste.,"We couldn't load this. Try again, or contact support if the issue persists.",,
states.offlineTitle,Pas de connexion,No connection,,
states.offlineDescription,Tu peux toujours consulter ce que tu as déjà vu. Réessaie quand tu auras du réseau.,You can still browse what you've already seen. Try again once you're back online.,,
states.offlineBanner,Hors ligne — tes données seront synchronisées,Offline — your data will sync later,,
settings.languageTitle,Langue,Language,,
settings.languageSubtitle,Choisis la langue de l'application.,Pick the app language.,,
settings.languageDefault,Langue par défaut,Default language,,
settings.languageComingSoonHint,À venir,Coming soon,,
settings.theme.title,Thème,Theme,,
settings.theme.subtitle,Choisis l'apparence de l'application.,Pick the app appearance.,,
settings.theme.systemLabel,Système,System,,
settings.theme.systemSub,Suit le réglage de ton appareil,Follow your device setting,,
settings.theme.lightLabel,Clair,Light,,
settings.theme.lightSub,Toujours en mode lumineux,Always light mode,,
settings.theme.darkLabel,Sombre,Dark,,
settings.theme.darkSub,Toujours en mode foncé,Always dark mode,,
settings.dataSaver.title,Économie de données,Data saver,,
settings.dataSaver.subtitle,Idéal en 3G ou avec un forfait limité.,Ideal on 3G or a limited plan.,,
settings.dataSaver.toggleLabel,Activer le mode économie,Enable data saver,,
settings.dataSaver.on,Activé,On,,
settings.dataSaver.off,Désactivé,Off,,
settings.dataSaver.impactLabel,CE QUI CHANGE,WHAT CHANGES,,
settings.dataSaver.row1Title,Vidéos pausées par défaut,Videos paused by default,,
settings.dataSaver.row1Sub,Plus d'autoplay dans Découvrir et sur les annonces.,No autoplay in Discover or on listings.,,
settings.dataSaver.row2Title,Qualité d'image réduite,Lower image quality,,
settings.dataSaver.row2Sub,Les photos chargent en qualité standard au lieu de HD.,Photos load in standard quality instead of HD.,,
settings.dataSaver.row3Title,Liste sur 1 colonne en 3G,Single-column list on 3G,,
settings.dataSaver.row3Sub,Marché bascule sur une vue compacte quand le réseau est lent.,The market switches to a compact view when the network is slow.,,
settings.dataSaver.autoNote,"On active automatiquement ce mode quand on détecte une connexion lente, même si tu ne l'as pas allumé.","We turn this on automatically when we detect a slow connection, even if you haven't enabled it.",,
settings.addresses.title,Adresses,Addresses,,
settings.addresses.subtitle,Où on doit livrer ou venir chercher tes commandes.,Where to deliver or pick up your orders.,,
settings.addresses.cardTitle,Gestion des adresses,Address management,,
settings.addresses.cardSub,"Tu pourras bientôt enregistrer une adresse de livraison ici. En attendant, indique-la au moment de payer.","You'll soon be able to save a delivery address here. For now, share it at checkout.",,
settings.addresses.note,L'adresse principale est utilisée par défaut pour les livraisons. Tu peux toujours en changer au moment de payer.,Your main address is used by default. You can still pick a different one at checkout.,,
settings.phones.title,Numéros de téléphone,Phone numbers,,
settings.phones.subtitle,Les numéros utilisés pour ta connexion et tes notifications SMS.,Numbers used for sign-in and SMS notifications.,,
settings.phones.cardTitle,Gestion des numéros,Phone management,,
settings.phones.cardSub,"Tu pourras bientôt ajouter ou changer ton numéro de téléphone ici. En attendant, ton numéro de connexion reste actif.",You'll soon be able to add or change your phone number here. Your sign-in number stays active.,,
settings.phones.note,Tes numéros restent privés. On ne les partage jamais avec les autres utilisateurs sans ton accord.,Your numbers stay private. We never share them with other users without your consent.,,
settings.privacy.title,Confidentialité,Privacy,,
settings.privacy.subtitle,Tu décides ce que Linky peut faire de tes données.,You decide what Linky can do with your data.,,
settings.privacy.sectionData,Données,Data,,
settings.privacy.sectionProfile,Profil,Profile,,
settings.privacy.sectionMyData,Mes données,My data,,
settings.privacy.togglePersonalize,Recommandations personnalisées,Personalized recommendations,,
settings.privacy.togglePersonalizeSub,Adapte ton feed Découvrir à tes goûts.,Tailor your Discover feed to your taste.,,
settings.privacy.toggleAnalytics,Statistiques anonymes,Anonymous analytics,,
settings.privacy.toggleAnalyticsSub,Aide-nous à améliorer l'app avec des stats agrégées.,Help us improve the app with aggregate stats.,,
settings.privacy.toggleAds,Pub personnalisée,Personalized ads,,
settings.privacy.toggleAdsSub,Reçois des promos plus pertinentes.,See more relevant promotions.,,
settings.privacy.toggleProfilePublic,Profil public,Public profile,,
settings.privacy.toggleProfilePublicSub,Les autres utilisateurs peuvent voir ton nom et tes annonces.,Other users can see your name and listings.,,
settings.privacy.downloadLabel,Télécharger mes données,Download my data,,
settings.privacy.downloadSub,"Bientôt — pour l'instant, écris-nous à support@linky.gn.","Coming soon — for now, email us at support@linky.gn.",,
settings.privacy.deleteLabel,Supprimer mon compte,Delete my account,,
settings.privacy.deleteSub,Demande à notre équipe la suppression définitive de ton compte.,Ask our team to permanently delete your account.,,
settings.privacy.deleteConfirmTitle,Supprimer mon compte,Delete my account,,
settings.privacy.deleteConfirmBody,On va ouvrir ton application mail pour envoyer une demande à notre équipe support. Ils confirmeront la suppression par retour de mail.,We'll open your mail app so you can send a request to our support team. They'll confirm the deletion by return mail.,,
settings.privacy.deleteContinue,Continuer,Continue,,
settings.privacy.deleteMailError,Impossible d'ouvrir ton application mail.,Couldn't open your mail app.,,
settings.privacy.bientotBadge,BIENTÔT,SOON,,
languages.fr,Français,Français,,
languages.en,English,English,,
languages.pular,Pular,Pular,,
languages.sousou,Sousou,Sousou,,
